{
  "project_info": {
    "project_number": "1064360515908",
    "project_id": "final-year-project---espy",
    "storage_bucket": "final-year-project---espy.appspot.com"
  },
  "client": [
    {
      "client_info": {
        "mobilesdk_app_id": "1:1064360515908:android:57f036a3891140befadf11",
        "android_client_info": {
          "package_name": "com.example.espy"
        }
      },
      "oauth_client": [
        {
          "client_id": "1064360515908-acdpa87gtin4tla1662i0cldlgjbqt9m.apps.googleusercontent.com",
          "client_type": 3
        }
      ],
      "api_key": [
        {
          "current_key": "AIzaSyBQTg5wb5nH7Rad5n_Eiz3CC9GBehrVZkE"
        }
      ],
      "services": {
        "appinvite_service": {
          "other_platform_oauth_client": [
            {
              "client_id": "1064360515908-acdpa87gtin4tla1662i0cldlgjbqt9m.apps.googleusercontent.com",
              "client_type": 3
            }
          ]
        }
      }
    }
  ],
  "configuration_version": "1"
}